{"ot": {"4": 0.07500949919915886, "14": 0.07446105280825761, "17": 0.05362070986197736, "3": 0.0525230543744359, "1": 0.0520645405378343, "19": 0.0508126082438963, "2": 0.045833195975111506, "7": 0.045438213295275566, "15": 0.044500616488602075, "12": 0.043418117991444016, "16": 0.042986291973041386, "10": 0.042500703395420114, "18": 0.042246598496421026, "6": 0.040896230847537546, "11": 0.04040841272829683, "9": 0.039765436404195324, "0": 0.039702009517885335, "8": 0.03590843198900958, "5": 0.033627684515511, "13": 0.033155419439853076}, "nt": {"1": 0.0789575750611647, "14": 0.07097668202211023, "19": 0.061193248202434464, "17": 0.0579360818538314, "16": 0.05697076796623171, "2": 0.05499111054712934, "18": 0.05405691733698521, "11": 0.05029289657655994, "9": 0.04942374156643422, "12": 0.04620672714989737, "15": 0.044572488057266824, "10": 0.04427389321936225, "8": 0.03981500363783519, "7": 0.0395298020874126, "6": 0.037504095551547365, "5": 0.03540841674985295, "3": 0.03477562663430312, "13": 0.031862401114871014, "4": 0.029972069944947523, "0": 0.026607498316135136}, "quran": {"14": 0.11559419980868989, "1": 0.08171613791067302, "17": 0.06115368394857071, "18": 0.06016282793605419, "2": 0.058344262740986044, "8": 0.056063984879763516, "9": 0.05289867620777864, "11": 0.05208195759941349, "16": 0.05033095956476872, "19": 0.04159121358607288, "7": 0.04042629906483143, "10": 0.039950148249575684, "0": 0.038180112862791014, "6": 0.03653751379223885, "3": 0.035845609954916514, "15": 0.034332196191888556, "12": 0.029697313185209444, "13": 0.028605001881065913, "5": 0.0240726628681735, "4": 0.017871254567021076}}