{"ot": {"5": 0.07888532336653291, "14": 0.07326925758386862, "8": 0.05336123003736411, "3": 0.05207901351582781, "18": 0.05112768698007953, "1": 0.05045712846156838, "4": 0.04845319131988794, "0": 0.04595731180718255, "13": 0.04588070449837397, "11": 0.045139275161601655, "12": 0.04476920440617232, "2": 0.044563548171512986, "10": 0.04423436748811446, "19": 0.04111215979138736, "16": 0.03971254886662153, "15": 0.038100791439694956, "6": 0.037205039161345974, "9": 0.03374690158684806, "17": 0.032831982182812254, "7": 0.02807018335213142}, "nt": {"14": 0.08581597532467294, "3": 0.06847501016395843, "1": 0.0624476283346329, "0": 0.05806905858460143, "19": 0.05584684560267638, "13": 0.05171220481586386, "2": 0.04780787171788631, "12": 0.04748852805722153, "11": 0.04670663271374326, "18": 0.04566867858893264, "16": 0.04422202579445584, "4": 0.043760837591462744, "10": 0.04125190759863374, "17": 0.04119707966399881, "8": 0.03918275283649564, "15": 0.038875851857568124, "6": 0.034373195322033506, "9": 0.031975842325888466, "5": 0.030395567748974277, "7": 0.030064639213460385}, "quran": {"1": 0.09412644943504321, "11": 0.09374173788587295, "12": 0.07584841888576369, "13": 0.07086954082337811, "8": 0.057922342983525554, "10": 0.056384991779969876, "0": 0.0558328020684567, "14": 0.050186341506544434, "3": 0.04795571357082109, "17": 0.04232577219432315, "19": 0.040046363341306304, "5": 0.03567172258367969, "2": 0.034577998264521584, "18": 0.032972145261457905, "4": 0.03225265847760494, "15": 0.030490078112114474, "9": 0.027593320909890206, "6": 0.027474720763510884, "16": 0.027062963401471553, "7": 0.02207291295351938}}