{"ot": {"8": 0.09582196708048699, "18": 0.06458205088435223, "1": 0.05785241400555521, "11": 0.05781132989148379, "0": 0.05513091803809389, "15": 0.054520051981403465, "16": 0.04870276892405076, "19": 0.04692098430192741, "3": 0.04273554788798174, "13": 0.04112609623205073, "10": 0.0404124732778143, "4": 0.04029465495956502, "9": 0.0380469518673738, "2": 0.038001858038632416, "12": 0.03703465554537615, "14": 0.03581389571392686, "6": 0.035720408222785445, "17": 0.03561582287796273, "5": 0.03474422411740739, "7": 0.02802468131478511}, "nt": {"8": 0.10115214810364631, "2": 0.06421404908263492, "1": 0.06280121561289106, "0": 0.061847297089615436, "14": 0.058484419754075666, "19": 0.05456303993407092, "18": 0.05187341633239181, "17": 0.047539156995173144, "15": 0.046914434170715, "4": 0.04364371175890321, "9": 0.04334929624676633, "5": 0.04329014050994798, "11": 0.04255499009944444, "10": 0.039611246325788, "16": 0.03689986997332709, "12": 0.035393113952263126, "13": 0.033650172157768325, "3": 0.02749914607764887, "6": 0.027313467501337913, "7": 0.022897933544308215}, "quran": {"8": 0.17614856318662214, "1": 0.06981858644820882, "0": 0.054987684477643343, "9": 0.052971913051417366, "19": 0.050513276416726115, "10": 0.04826602068821902, "2": 0.04683821912001861, "15": 0.04357147761079963, "5": 0.041366092426545834, "17": 0.039918424323150764, "18": 0.039470230313442496, "14": 0.03931766913963636, "4": 0.038877030169064616, "3": 0.035679492801116076, "12": 0.03334531713372622, "11": 0.03158492388925449, "13": 0.030710041600424117, "6": 0.02984587718338634, "16": 0.027698765862056524, "7": 0.02497803344291123}}