{"ot": {"4": 0.07176654781489814, "0": 0.06565197256726417, "15": 0.06430645734391052, "16": 0.06367715027709456, "13": 0.052779024070815694, "6": 0.05091318049341897, "9": 0.05061929963569832, "3": 0.04843828393139937, "12": 0.046977734331697794, "7": 0.046763792061923694, "8": 0.04566429227847632, "19": 0.04266372653591575, "5": 0.04095114436807678, "1": 0.035933622033398505, "18": 0.03480071811724662, "2": 0.03440647086642197, "14": 0.03422699010100631, "10": 0.03393324454836415, "17": 0.03295066153963749, "11": 0.03114440128351439}, "nt": {"0": 0.08354197558043347, "9": 0.0807883216152481, "15": 0.07815367162227106, "7": 0.058628810857604935, "3": 0.05613386632229806, "12": 0.05367150224029758, "19": 0.05082045074948293, "4": 0.045329270130379545, "8": 0.04456757596173796, "17": 0.04193835884960697, "13": 0.04161912114207535, "16": 0.04114302981428014, "1": 0.04040450548621668, "6": 0.03917198957580993, "2": 0.03773503330380617, "14": 0.03346501919702827, "10": 0.03323383576155999, "5": 0.02998310476080572, "18": 0.029025079188391742, "11": 0.02607777909322299}, "quran": {"15": 0.13597765857581995, "4": 0.0840536543596642, "0": 0.06828970292551931, "3": 0.061255049376192625, "17": 0.049694800725541055, "10": 0.04966264861742661, "7": 0.048797616274580305, "16": 0.04762316012189211, "9": 0.04712447133946745, "2": 0.042955181552621235, "19": 0.03925531631533953, "14": 0.03718530352740148, "13": 0.03476534423964268, "18": 0.034219464796934905, "6": 0.033686790192444034, "11": 0.032133495838094786, "12": 0.03173205156613571, "1": 0.03169495177782271, "5": 0.02346179516308747, "8": 0.021580819824764882}}