{"ot": {"9": 0.07137941059750713, "15": 0.06510721893239665, "10": 0.06435417324292203, "1": 0.0538308941302612, "6": 0.05357156744941518, "18": 0.05302627757608749, "13": 0.05203094892293505, "17": 0.05091963215709288, "16": 0.04599165448875525, "12": 0.04454962239114292, "4": 0.04427600466019901, "2": 0.040383001480444936, "7": 0.04002844618457942, "0": 0.03858323594379273, "11": 0.038252545348579824, "8": 0.03717198128684915, "5": 0.036483883903068816, "3": 0.03502506416423391, "14": 0.033183841343596324, "19": 0.03058896934251031}, "nt": {"9": 0.08717620685993599, "6": 0.07218384542591509, "7": 0.06959291342493981, "1": 0.060788723061864836, "13": 0.05696267904991366, "12": 0.05362827323088517, "2": 0.052499720039730316, "4": 0.05201728865271172, "18": 0.04697031898256936, "8": 0.042045521767258946, "15": 0.041602141625867034, "16": 0.040040920824687236, "17": 0.03991382383713677, "10": 0.038167127100483665, "14": 0.03784276939327729, "5": 0.03454195000325551, "3": 0.032838529312650015, "19": 0.028943857068355176, "11": 0.02893823909186166, "0": 0.02853881069880683}, "quran": {"9": 0.1103420414445468, "7": 0.08160830688403463, "1": 0.05935563057617276, "17": 0.05860305625127438, "12": 0.05744403529798803, "4": 0.054238711320098616, "6": 0.050650027329486896, "15": 0.04767126153605298, "13": 0.0448366385029544, "10": 0.04284293772874963, "18": 0.04228485844322239, "2": 0.041116107736138406, "8": 0.03828520226482026, "16": 0.03640867516407053, "19": 0.035609454258333124, "0": 0.03526960364562801, "3": 0.03341136550735762, "11": 0.03303224318216361, "5": 0.028448992540318244, "14": 0.0238340656404739}}