{"ot": {"5": 0.08664757692855421, "10": 0.0706792420015273, "15": 0.05809472498250654, "18": 0.05422155982777505, "14": 0.05334068144398313, "11": 0.049595158499937606, "7": 0.04922205797654658, "17": 0.04751405978191805, "2": 0.04661417805479319, "9": 0.04499801503167706, "16": 0.043054697552686365, "13": 0.042950705120661646, "3": 0.040723433741316775, "1": 0.04043664599019938, "0": 0.037168211644409734, "12": 0.035762600404462705, "4": 0.034740936637115256, "6": 0.030994472420870108, "19": 0.030775964856854576, "8": 0.025957222493171842, "20": 0.0}, "nt": {"10": 0.08792993433747852, "7": 0.07496178694893328, "5": 0.07122881985774958, "14": 0.057635196115736746, "2": 0.056724127303469506, "0": 0.05196371175038667, "3": 0.051807670237515355, "9": 0.050473992354252255, "11": 0.04945861894681346, "4": 0.04817678873726828, "16": 0.04807270301350877, "12": 0.047125764012926535, "15": 0.037335132605540784, "1": 0.03653859958894387, "8": 0.03565230121099075, "17": 0.03348285500463036, "18": 0.02888119228014511, "13": 0.02798438813386504, "19": 0.023580922569563095, "6": 0.0213813033952515, "20": 0.0}, "quran": {"5": 0.11096165519362937, "10": 0.09390958224239486, "7": 0.07653928262564988, "2": 0.06916626434119158, "14": 0.05819767714259838, "9": 0.055957171107785635, "3": 0.05088205218094234, "0": 0.049638737300861935, "15": 0.0418677581228751, "16": 0.04134896457489803, "1": 0.03901875323312161, "17": 0.03522191197011736, "11": 0.03464196934785954, "13": 0.03462875870678659, "12": 0.034282551658309283, "4": 0.026912797816353785, "8": 0.026837275882564654, "6": 0.025907171792463476, "19": 0.024258820979989947, "18": 0.019912658017486908, "20": 0.0}}