{"ot": {"9": 0.06621211457500281, "1": 0.06277328482003375, "15": 0.059278471125071834, "19": 0.052751486337035365, "8": 0.050297343277840724, "12": 0.0494218711526624, "13": 0.04692996912012918, "2": 0.04655263924632707, "11": 0.04621707118127711, "14": 0.045230054089129126, "5": 0.04503167453661043, "18": 0.04481523554681724, "4": 0.04349264524483123, "7": 0.04074600388327432, "6": 0.03986739772272833, "10": 0.03969230608322888, "16": 0.03830654880093475, "3": 0.03767413550312063, "17": 0.037182090010118705, "0": 0.03634932364778365}, "nt": {"1": 0.1019081740268989, "18": 0.06788158506554152, "19": 0.06643478679931665, "2": 0.05904304847543948, "9": 0.05551389780857247, "8": 0.055332611448129405, "13": 0.05286626023839095, "15": 0.052234857940797026, "5": 0.04614547552570755, "10": 0.04443286807096644, "17": 0.039159956680457825, "14": 0.03810237741940608, "0": 0.0380149538335689, "11": 0.03778405351610383, "12": 0.0352408225528678, "16": 0.034709484910663675, "3": 0.034471738153908305, "4": 0.032530876329112106, "6": 0.031426026973652335, "7": 0.02182097927404251}, "quran": {"8": 0.10406490721928216, "18": 0.0827067314340014, "19": 0.07703255937252979, "1": 0.07455356121215799, "13": 0.05625599316066593, "15": 0.055753144788976354, "9": 0.04706816123337472, "4": 0.045560862680968754, "14": 0.04239451810631349, "12": 0.04065187133256972, "11": 0.04033590823264681, "0": 0.03865476675511356, "2": 0.03849301595397379, "17": 0.035098157395732105, "10": 0.034642847261174003, "5": 0.03085136793996937, "3": 0.02993238080051486, "7": 0.029734304067983882, "16": 0.028196209619263522, "6": 0.023068681833078218}}